Gender,Title,GivenName,MiddleInitial,Surname,Number,NameSet,StreetAddress,City,State,StateFull,ZipCode,Country,CountryFull,EmailAddress,Username,Password,BrowserUserAgent,TelephoneNumber,TelephoneCountryCode,MothersMaiden,Birthday,Age,TropicalZodiac,CCType,CCNumber,CVV2,CCExpires,NationalID,UPS,WesternUnionMTCN,MoneyGramMTCN,Color,Occupation,Company,Vehicle,Domain,BloodType,Pounds,Kilograms,FeetInches,Centimeters,GUID,Latitude,Longitude
male,Mr.,David,M,Hatfield,1,American,"2507 Parkdale Ave",Brockville,ON,Ontario,"K6V 4N8",CA,Canada,DavidMHatfield@jourrapide.com,Lowdethe,Ge2ahleesie,"Mozilla/5.0 (Windows NT 6.1; Trident/7.0; rv:11.0) like Gecko",613-213-2620,1,Baker,3/12/1960,56,Pisces,Visa,4916566934792792,928,1/2022,"099 820 243","1Z 084 E33 00 9429 940 4",3016945351,28379842,Blue,Umpire,"Mr. Clark's Appliances","2005 Infiniti QX56",TelephoneAffiliates.ca,O+,139.5,63.4,"5' 9""",175,bfeb0388-33e2-4b60-980b-3ae5c10aef8d,44.602826,-75.691731
male,Mr.,Warren,H,Stewart,2,American,"1027 Jasper Ave",Edmonton,AB,Alberta,"T5J 3N6",CA,Canada,WarrenHStewart@jourrapide.com,Renec1965,Hohghie0ei,"Mozilla/5.0 (Macintosh; Intel Mac OS X 10_10_5) AppleWebKit/537.36 (KHTML, like Gecko) Chrome/55.0.2883.95 Safari/537.36",780-953-3038,1,Clark,4/17/1965,51,Aries,MasterCard,5177748683963516,724,5/2022,"724 811 583","1Z 5W7 87A 67 3161 853 2",1562410583,90921670,Blue,"News analyst",Chandler's,"2002 Toyota Avalon",PodBowl.ca,O+,203.7,92.6,"6' 0""",183,6bb01847-fdf0-4e3e-a32f-faf9e2a5412e,53.602741,-113.595438
male,Mr.,Frank,S,Freeman,3,American,"3217 Islington Ave",Toronto,ON,Ontario,"M8V 3B6",CA,Canada,FrankSFreeman@teleworm.us,Whearommens,Tae3ciash,"Mozilla/5.0 (Windows NT 10.0; WOW64; rv:51.0) Gecko/20100101 Firefox/51.0",416-997-9214,1,Ewart,10/4/1981,35,Libra,Visa,4539164399643838,009,6/2020,"737 270 629","1Z 183 711 58 8397 299 0",4681820273,14042906,Black,"Agricultural and food science technician",Flexus,"1992 Citroen ZX",PlayMommy.ca,A+,230.1,104.6,"5' 9""",175,5fca80a2-9ce7-41e6-9f6e-bc3957922942,43.657987,-79.408372
male,Mr.,Donald,B,Whitman,4,American,"4973 40th Street",Calgary,AB,Alberta,"T2E 7T6",CA,Canada,DonaldBWhitman@superrito.com,Witattly,Ezai1chaa2,"Mozilla/5.0 (Macintosh; Intel Mac OS X 10.11; rv:51.0) Gecko/20100101 Firefox/51.0",403-769-7511,1,Granderson,3/7/1945,71,Pisces,Visa,4716048853745590,376,3/2018,"023 472 194","1Z 2F0 48F 84 6710 234 6",4615156371,20676751,Blue,Nannie,Metro,"2004 Porsche GT2",DietLatte.ca,A+,200.6,91.2,"5' 10""",177,62aefc77-67a0-4446-b25a-ab5723a69b85,51.090785,-114.077365
female,Ms.,Melissa,S,Fisher,5,American,"3978 Island Hwy","Campbell River",BC,"British Columbia","V9W 2L9",CA,Canada,MelissaSFisher@superrito.com,Parme1948,iesh3eeC5mah,"Mozilla/5.0 (Windows NT 6.1; rv:51.0) Gecko/20100101 Firefox/51.0",250-286-0743,1,Crump,12/31/1948,68,Capricorn,Visa,4716725183833192,909,3/2020,"566 069 969","1Z 198 062 51 3439 764 7",9019880867,02166953,Red,"Information clerk","Movie Gallery","2007 MG ZT",TierDeals.ca,A+,200.2,91.0,"5' 3""",161,2d555dbb-dd6a-4c45-80af-9b3a802bfc1e,50.042952,-125.253502
female,Ms.,Danielle,N,Rusnak,6,American,"24 Burdett Avenue",Victoria,BC,"British Columbia","V8W 1L6",CA,Canada,DanielleNRusnak@fleckens.hu,Gagoem,OoJ0oga5,"Mozilla/5.0 (X11; Ubuntu; Linux x86_64; rv:51.0) Gecko/20100101 Firefox/51.0",250-885-1026,1,Stephens,10/4/1936,80,Libra,MasterCard,5398420814278155,093,1/2022,"650 388 986","1Z 129 77Y 36 5627 721 7",0264499345,25217275,Green,"Software quality assurance analyst",Erlebacher's,"2004 Holden Astra",ResumeSeminar.ca,O+,129.4,58.8,"5' 3""",160,d3fcbf66-83e0-4674-9990-60bff6e9b7d2,48.46488,-123.300611
male,Mr.,Shawn,V,Chitwood,7,American,"4430 Toy Avenue",Oshawa,ON,Ontario,"L1H 7K5",CA,Canada,ShawnVChitwood@armyspy.com,Hableartur,ya4Yoh3n,"Mozilla/5.0 (Windows NT 10.0; Win64; x64) AppleWebKit/537.36 (KHTML, like Gecko) Chrome/56.0.2924.87 Safari/537.36",905-449-3669,1,Smith,8/29/1978,38,Virgo,Visa,4539351810238203,473,11/2018,"334 740 479","1Z 135 F49 73 8892 394 1",2707114564,78784119,Black,"News anchor","Realty Zone","2004 Volkswagen Phaeton",DownloadProfile.ca,AB+,195.4,88.8,"5' 10""",178,0fa6937b-64c4-4bf7-9a75-249b181d7e39,43.829937,-78.904108
female,Mrs.,Juana,C,Guard,8,American,"655 Manitoba Street",Bracebridge,ON,Ontario,"P1L 2B7",CA,Canada,JuanaCGuard@cuvox.de,Lausbance,euJ7ueghei,"Mozilla/5.0 (Macintosh; Intel Mac OS X 10_12_2) AppleWebKit/537.36 (KHTML, like Gecko) Chrome/56.0.2924.87 Safari/537.36",705-645-0601,1,Escobar,10/10/1986,30,Libra,MasterCard,5135565517769666,574,9/2019,"718 071 178","1Z 193 9A1 25 3604 714 1",9450477799,05280129,Green,"Chemical engineering technician",Galyan's,"2005 Citroen Berlingo",CreditClassification.ca,B+,194.9,88.6,"5' 1""",154,84f47248-909d-4903-a230-17c448b0d4bf,45.078394,-79.20414
male,Mr.,Lloyd,F,Evans,9,American,"2036 avenue de Port-Royal",Bonaventure,QC,Quebec,"G0C 1E0",CA,Canada,LloydFEvans@rhyta.com,Syllight,eb4iev8UR0ie,"Mozilla/5.0 (Windows NT 6.1; rv:51.0) Gecko/20100101 Firefox/51.0",418-752-0801,1,Williams,2/6/1963,54,Aquarius,MasterCard,5568816059680829,734,1/2020,"425 529 757","1Z 682 013 97 8813 010 5",9026300851,87757378,Blue,"Gas furnace installer","Allied Radio","2000 Skoda Fabia",WhoIsCompany.ca,O+,181.1,82.3,"5' 8""",173,c86c1a5d-3e56-41cd-868c-0ea69f77928d,48.062158,-65.368731
male,Mr.,David,H,Satterwhite,10,American,"594 Dufferin Street",Toronto,ON,Ontario,"M6H 4B6",CA,Canada,DavidHSatterwhite@jourrapide.com,Ivii1932,uxieXae7,"Mozilla/5.0 (Windows NT 10.0; Win64; x64) AppleWebKit/537.36 (KHTML, like Gecko) Chrome/56.0.2924.87 Safari/537.36",416-531-4074,1,Jackson,2/29/1932,85,Pisces,MasterCard,5571654047966876,456,7/2018,"782 820 773","1Z 117 8F6 53 3958 336 8",9207876711,73580251,Orange,"Private investigator","Krauses Sofa Factory","2005 Suzuki X2",BattleCheck.ca,O+,178.0,80.9,"5' 4""",162,8b3069a7-4eed-4593-98a6-0ae77983f389,43.729187,-79.485116
male,Mr.,Daniel,S,Murphy,11,American,"3417 40th Street",Calgary,AB,Alberta,"T2E 6X1",CA,Canada,DanielSMurphy@rhyta.com,Netive62,odai9ahMo,"Mozilla/5.0 (Macintosh; Intel Mac OS X 10_12_3) AppleWebKit/602.4.8 (KHTML, like Gecko) Version/10.0.3 Safari/602.4.8",403-369-8235,1,Miller,4/11/1962,54,Aries,MasterCard,5521735652780289,487,8/2022,"248 394 918","1Z 552 V64 73 5500 757 1",5040142368,01728035,Black,Technologist,"Wise Appraisals","2009 Mitsubishi Outlander",SyndicationNation.ca,B+,204.8,93.1,"5' 9""",175,3383f8b5-efca-4471-b17e-591566d017a8,51.106368,-114.164058
female,Ms.,Kitty,M,Bradford,12,American,"3067 Yonge Street",Toronto,ON,Ontario,"M4W 1J7",CA,Canada,KittyMBradford@teleworm.us,Weent1977,soor5Quee2,"Mozilla/5.0 (Macintosh; Intel Mac OS X 10_12_3) AppleWebKit/537.36 (KHTML, like Gecko) Chrome/56.0.2924.87 Safari/537.36",416-967-5221,1,Davis,2/8/1977,40,Aquarius,MasterCard,5350818625141858,167,8/2018,"020 422 044","1Z 755 953 37 7069 459 4",7985813915,57273151,Red,"Asbestos abatement worker",Elek-Tek,"2008 Lamborghini Murcielago",PalmdaleBlog.ca,O+,133.8,60.8,"5' 3""",161,c3fc8895-e3aa-4473-8fd7-592a12f98ab2,43.593619,-79.446307
male,Mr.,Edgar,M,Booker,13,American,"1243 chemin Hudson",Montreal,QC,Quebec,"H4J 1M9",CA,Canada,EdgarMBooker@rhyta.com,Tharnii,jai0eewo7Ah,"Mozilla/5.0 (Windows NT 10.0; WOW64) AppleWebKit/537.36 (KHTML, like Gecko) Chrome/56.0.2924.87 Safari/537.36",514-377-0247,1,Addison,7/2/1982,34,Cancer,Visa,4485208470412318,983,5/2018,"619 567 738","1Z 856 02Y 59 4051 104 9",3340424117,22513909,Blue,"Administrative office specialist","Omni Tech","1999 Ferrari Maranello",RadioUmbrella.ca,O+,195.8,89.0,"6' 1""",186,46ef9a52-2c29-42e5-bd20-cdaf7c1f6638,45.478534,-73.487838
female,Ms.,Ruth,A,Lane,14,American,"1626 Pitt St",Cornwall,ON,Ontario,"K6J 3R2",CA,Canada,RuthALane@gustr.com,Annothing,mohSh9Oe4,"Mozilla/5.0 (Macintosh; Intel Mac OS X 10_12_2) AppleWebKit/537.36 (KHTML, like Gecko) Chrome/56.0.2924.87 Safari/537.36",613-933-3935,1,Leyva,4/19/1966,50,Aries,MasterCard,5262754030734671,016,2/2020,"729 852 731","1Z 767 612 16 7185 472 6",0077283992,24621008,Red,"Training assistant","All Wound Up","1994 Volkswagen Quantum",SwedenDigest.ca,A+,147.2,66.9,"5' 9""",174,35ed5e44-a1aa-4666-bcd2-6618d5adfb1e,45.006529,-74.718632
male,Mr.,Bradford,H,Wise,15,American,"1208 47th Avenue",Boyle,AB,Alberta,"T0A 0M0",CA,Canada,BradfordHWise@cuvox.de,Hableartur,do9nah0B,"Mozilla/5.0 (iPad; CPU OS 10_2_1 like Mac OS X) AppleWebKit/602.4.6 (KHTML, like Gecko) Version/10.0 Mobile/14D27 Safari/602.1",780-689-0849,1,Towe,9/10/1949,67,Virgo,Visa,4556037564720664,355,5/2020,"485 074 439","1Z 40V 522 07 2583 295 1",4221976227,71067073,Blue,"Dental laboratory technician","Architectural Genie","2008 Lancia Phedra",ProductMobile.ca,A+,137.3,62.4,"5' 5""",165,240289e2-a88f-4dd5-a29e-46d022c1de5c,54.578327,-112.794483
female,Mrs.,Toni,S,Jackson,16,American,"2392 Heritage Drive",Calgary,AB,Alberta,"T2V 2W2",CA,Canada,ToniSJackson@rhyta.com,Seling,Ov4oosej5oo,"Mozilla/5.0 (Macintosh; Intel Mac OS X 10_12_3) AppleWebKit/537.36 (KHTML, like Gecko) Chrome/56.0.2924.87 Safari/537.36",403-301-7329,1,Johnson,11/12/1985,31,Scorpio,Visa,4539669010445884,200,11/2019,"664 817 095","1Z A36 37F 16 0891 289 2",6834169412,52561219,Orange,"Technical sales manager","A+ Investments","2015 Toyota Highlander Hybrid",ButtonTees.ca,A+,127.2,57.8,"5' 4""",162,d687c03f-7c66-41b1-b46d-a85ac4de8225,51.050957,-114.029353
male,Mr.,Norman,C,Glover,17,American,"3845 rue Principale",Amos,QC,Quebec,"J9T 1E4",CA,Canada,NormanCGlover@dayrep.com,Lausithe,ThiwaeFon3,"Mozilla/5.0 (Windows NT 6.1; WOW64; rv:51.0) Gecko/20100101 Firefox/51.0",819-727-2011,1,Tierney,2/19/1954,63,Pisces,Visa,4539812413329616,668,11/2022,"185 575 677","1Z 8Y7 474 27 0264 651 0",1633683275,33824364,Blue,Anesthesiologist,"The Flying Hippo ","1992 Fiat 126",SunlightUV.ca,O+,170.5,77.5,"5' 9""",174,a33df9a7-08bc-4e5c-aba3-598c61484d30,48.656044,-78.025321
male,Mr.,Edward,C,Haggerty,18,American,"2470 rue Saint-Édouard","Trois Rivieres",QC,Quebec,"G9A 5S8",CA,Canada,EdwardCHaggerty@fleckens.hu,Loace1952,Di3ai3pai,"Mozilla/5.0 (X11; Linux x86_64) AppleWebKit/537.36 (KHTML, like Gecko) Chrome/56.0.2924.87 Safari/537.36",819-370-8592,1,Washington,6/11/1952,64,Gemini,MasterCard,5435787954648958,320,3/2018,"267 002 715","1Z E17 007 39 7658 876 4",7332806820,42098770,Blue,"Library aide","Gold Touch","1999 Kia Shuma",ComScare.ca,A+,204.4,92.9,"5' 11""",180,e00a9392-509c-441d-8dc1-2c3a31a4fa1a,46.409962,-72.487257
male,Mr.,Steven,J,Faulkner,19,American,"4314 Stum Lake Road",Likely,BC,"British Columbia","V0L 1N0",CA,Canada,StevenJFaulkner@teleworm.us,Equadvance,aiY8railoo,"Mozilla/5.0 (Macintosh; Intel Mac OS X 10_12_3) AppleWebKit/537.36 (KHTML, like Gecko) Chrome/56.0.2924.87 Safari/537.36",250-790-5651,1,Sabatino,8/27/1972,44,Virgo,Visa,4539778647037269,177,5/2022,"309 469 849","1Z 650 A22 16 3339 824 9",4863159982,90912265,Blue,"Web writer",Almacs,"2004 Buick LeSabre",ITExplained.ca,O-,161.7,73.5,"5' 10""",178,94193b4b-39c0-483e-ace5-8c0fffe3186e,52.590253,-121.575334
female,Mrs.,Amanda,S,Vercher,20,American,"4522 5th Avenue",Hythe,AB,Alberta,"T0H 2C0",CA,Canada,AmandaSVercher@rhyta.com,Thoubjeside,meilah9Pie,"Mozilla/5.0 (Windows NT 10.0; WOW64) AppleWebKit/537.36 (KHTML, like Gecko) Chrome/56.0.2924.87 Safari/537.36",780-356-4055,1,Sanchez,10/18/1986,30,Libra,MasterCard,5103568187923132,525,6/2019,"329 700 934","1Z 33W W63 86 2053 301 1",3293214370,91090299,Blue,Courier,"Parts and Pieces","1993 Daihatsu Applause",ZenPros.ca,O+,150.7,68.5,"5' 9""",174,d7f3b4e7-ae99-4a09-abf7-d86ab7611a29,55.255273,-119.566077
female,Ms.,Bonnie,R,Parks,21,American,"1038 Adelaide St",Toronto,ON,Ontario,"M5H 1P6",CA,Canada,BonnieRParks@teleworm.us,Laiden1949,OJ7ejooDee,"Mozilla/5.0 (Macintosh; Intel Mac OS X 10_12_3) AppleWebKit/537.36 (KHTML, like Gecko) Chrome/56.0.2924.87 Safari/537.36",416-777-0525,1,Pauly,12/11/1949,67,Sagittarius,Visa,4532582851339347,540,1/2021,"051 299 410","1Z 320 943 69 4041 473 2",0730125899,41676391,Purple,"School social worker","National Hardgoods Distributors","2005 Honda Jazz",FineKeywords.ca,B+,145.0,65.9,"5' 1""",155,c1d50a91-4453-4220-8cff-49787efc1a42,43.731944,-79.351159
female,Ms.,Mary,C,Abarca,22,American,"749 Robson St",Vancouver,BC,"British Columbia","V6B 3K9",CA,Canada,MaryCAbarca@armyspy.com,Clorge,Gahqua1ohhuu,"Mozilla/5.0 (Windows NT 10.0; WOW64; rv:51.0) Gecko/20100101 Firefox/51.0",604-836-4665,1,Lin,10/3/1973,43,Libra,MasterCard,5462893839739099,661,9/2020,"520 038 878","1Z 276 W52 54 0132 352 7",1152497394,06162931,Blue,Manicurist,"Full Color","2004 GMC Safari",GamingProblems.ca,A+,198.2,90.1,"5' 6""",168,334d6060-8116-46a0-a5ba-aff9be2ef981,49.250189,-123.161433
female,Mrs.,Clara,J,McKnight,23,American,"369 Hardy Street",Kelowna,BC,"British Columbia","V1Y 8H2",CA,Canada,ClaraJMcKnight@cuvox.de,Opery1972,hohD3eiw,"Mozilla/5.0 (Windows NT 10.0; Win64; x64) AppleWebKit/537.36 (KHTML, like Gecko) Chrome/56.0.2924.87 Safari/537.36",250-979-7440,1,Anderson,11/30/1972,44,Sagittarius,MasterCard,5581802372610423,502,7/2020,"229 701 800","1Z 37A 761 58 3957 530 4",2703237873,92901076,Green,"Inhalation therapist","S&W Cafeteria","2005 Acura RL",CPAsOnDemand.ca,B+,180.6,82.1,"5' 8""",172,12acffac-5676-498c-9b49-c21b47b148ca,49.81318,-119.472669
female,Mrs.,Annie,M,Godwin,24,American,"512 Carling Avenue",Ottawa,ON,Ontario,"K1Z 7B5",CA,Canada,AnnieMGodwin@jourrapide.com,Smet1942,iVuequae7ph,"Mozilla/5.0 (Windows NT 6.1; WOW64) AppleWebKit/537.36 (KHTML, like Gecko) Chrome/56.0.2924.87 Safari/537.36",613-371-7320,1,Pryce,6/17/1942,74,Gemini,Visa,4539269703836745,512,5/2021,"414 854 703","1Z 551 987 11 5239 156 3",4728346127,19636698,White,"Instructional designer","Pace Membership Warehouse","1993 Rover 100",ClickDebate.ca,B+,154.9,70.4,"5' 3""",160,28a8032d-3743-491f-9fd0-0c02ccba3fd8,45.371336,-75.653656
female,Mrs.,Jennifer,A,Pavlik,25,American,"897 54th Street",Yellowknife,NT,"Northwest Territories","X1A 2R3",CA,Canada,JenniferAPavlik@superrito.com,Thomedran,ahXohG4ouve,"Mozilla/5.0 (Windows NT 6.1) AppleWebKit/537.36 (KHTML, like Gecko) Chrome/56.0.2924.87 Safari/537.36",867-766-0874,1,Kenner,6/16/1981,35,Gemini,Visa,4539466585241362,201,12/2021,"031 433 824","1Z 762 530 78 4877 293 7",5796105875,76988385,Orange,Constructor,"Brilliant Home Designs","2008 Nissan Patrol",LocalScandals.ca,B+,183.7,83.5,"5' 9""",175,6a50d965-52a8-4c93-9d95-6ae0c398951e,62.393466,-114.314795
female,Mrs.,Deena,B,Hamlin,26,American,"640 Port Washington Road",Elnora,AB,Alberta,"T0M 0Y0",CA,Canada,DeenaBHamlin@teleworm.us,Linim1956,fah9po4ATha,"Mozilla/5.0 (Windows NT 10.0; WOW64) AppleWebKit/537.36 (KHTML, like Gecko) Chrome/56.0.2924.87 Safari/537.36",403-773-5738,1,Mason,7/22/1956,60,Cancer,Visa,4556909473082545,179,4/2020,"043 872 068","1Z 436 8E4 04 2198 360 8",3959519611,10312241,Green,Interpreter,"Virgin Megastores","2001 Venturi Atlantique",FindKidsFurniture.ca,O+,163.5,74.3,"5' 1""",154,d259ca64-e019-44bc-87b9-24cb92b63487,52.005099,-113.139271
male,Mr.,Steven,E,Waldron,27,American,"2150 St. John Street","La Ronge",SK,Saskatchewan,"S4P 3Y2",CA,Canada,StevenEWaldron@teleworm.us,Broffely,Vi6apaishia,"Mozilla/5.0 (Windows NT 6.3; WOW64; Trident/7.0; rv:11.0) like Gecko",306-425-3355,1,Frost,10/20/1964,52,Libra,Visa,4485028940996215,518,10/2022,"071 146 849","1Z 351 589 34 0671 755 1",2596972323,01230534,Blue,"Database administrator","Big Daddy's Restaurants","2012 Hyundai Accent",MultiSection.ca,A-,197.3,89.7,"5' 8""",172,208f8934-bbfa-4395-9aae-9c7f06cc35c3,55.125502,-105.310922
female,Mrs.,Nancy,A,Thornton,28,American,"2353 rue Boulay","Ste Madeleine",QC,Quebec,"J0H 1S0",CA,Canada,NancyAThornton@einrot.com,Calry1958,kaiqua5Iequ,"Mozilla/5.0 (Windows NT 10.0; WOW64; rv:51.0) Gecko/20100101 Firefox/51.0",450-701-3682,1,Logan,11/10/1958,58,Scorpio,MasterCard,5224965363970016,076,3/2019,"354 399 784","1Z 9A4 25W 67 6396 162 0",9444946036,65203086,Purple,"Dividend clerk","Farmer Jack","1996 Chrysler Grand Voyager",PipeCollectors.ca,AB+,197.6,89.8,"5' 7""",170,cfbd86cd-dd82-4287-8af8-e25fdf2452f6,45.559989,-72.997771
male,Mr.,John,C,Edmond,29,American,"115 Heritage Drive",Calgary,AB,Alberta,"T2V 2W2",CA,Canada,JohnCEdmond@dayrep.com,Loores,ThohBu5aelee,"Mozilla/5.0 (Windows NT 10.0; Win64; x64) AppleWebKit/537.36 (KHTML, like Gecko) Chrome/46.0.2486.0 Safari/537.36 Edge/13.10586",403-301-5050,1,Wellington,3/15/1950,66,Pisces,MasterCard,5550909116929576,716,3/2020,"678 292 160","1Z 57V 707 53 5429 694 6",3295397916,80884949,Blue,"Employee placement specialist","Integra Investment Plan","2011 Volkswagen Beetle",CatCritics.ca,B+,203.1,92.3,"5' 6""",167,b146dd2f-4570-4505-9b35-a7232d36ba17,51.179485,-114.046718
male,Mr.,Shawn,M,Esteves,30,American,"2742 137th Avenue",Edmonton,AB,Alberta,"T5J 2Z2",CA,Canada,ShawnMEsteves@rhyta.com,Moonce,moh8Aeb1afei,"Mozilla/5.0 (Macintosh; Intel Mac OS X 10_12_2) AppleWebKit/537.36 (KHTML, like Gecko) Chrome/56.0.2924.87 Safari/537.36",780-885-9721,1,Mullins,5/27/1938,78,Gemini,Visa,4929585831258439,207,11/2020,"181 415 787","1Z 064 983 10 3059 029 5",7737957946,34733255,Red,"Clerical assistant","Corinthian Designs","1994 Lotec Testa de Oro",MalpracticePro.ca,O+,204.4,92.9,"5' 5""",165,0e006452-f144-4537-9202-1fdc542da5d4,53.613567,-113.467198
female,Ms.,Samantha,E,Reimers,31,American,"299 Roger Street","Oyster River",BC,"British Columbia","V9W 5N0",CA,Canada,SamanthaEReimers@gustr.com,Shum1980,aiwah5Ph,"Mozilla/5.0 (Windows NT 10.0; WOW64) AppleWebKit/537.36 (KHTML, like Gecko) Chrome/56.0.2924.87 Safari/537.36",250-337-7964,1,Waters,1/9/1980,37,Capricorn,Visa,4539810983149356,611,2/2018,"638 806 299","1Z 611 914 09 8901 933 4",4228805992,53101248,Black,"Substance abuse and behavioral disorder counselor","Coast to Coast Hardware","1995 Dodge Intrepid",StoryPortfolio.ca,A+,152.7,69.4,"5' 1""",155,322d7a67-2c6a-4ded-86a8-259dd505dde7,49.835899,-125.09784
male,Mr.,Milton,F,Dodd,32,American,"3698 184th Street",Edmonton,AB,Alberta,"T5J 2R4",CA,Canada,MiltonFDodd@fleckens.hu,Froing,Shahqu5ohs,"Mozilla/5.0 (Windows NT 10.0; WOW64; rv:51.0) Gecko/20100101 Firefox/51.0",780-222-5004,1,Collins,7/11/1969,47,Cancer,MasterCard,5405109783428369,835,6/2020,"523 503 266","1Z W90 454 33 5611 936 9",3796959966,19610554,Blue,"Merchandise distributor","Steve & Barry's","2001 Acura TL",RescueLift.ca,A+,158.6,72.1,"5' 7""",169,f870e344-fa0a-4e5f-a0de-4a6664cfbc6e,53.628683,-113.594869
female,Ms.,Frances,H,Kovar,33,American,"3242 Adelaide St",Toronto,ON,Ontario,"M5H 1P6",CA,Canada,FrancesHKovar@fleckens.hu,Shapithe,yaezupu4E,"Mozilla/5.0 (Windows NT 10.0; WOW64; rv:51.0) Gecko/20100101 Firefox/51.0",416-874-1377,1,Lee,11/24/1996,20,Sagittarius,MasterCard,5321905972420385,545,5/2018,"396 392 045","1Z 515 709 77 1763 213 7",2105036415,48330001,Purple,"Survey researcher","Wickes Furniture","1992 Nissan Pulsar",TennisAnalyst.ca,A+,154.7,70.3,"5' 5""",165,51df35d2-7e0e-4303-bcac-cbf4461da75e,43.638442,-79.371593
male,Mr.,Christopher,B,Glass,34,American,"2142 Gorham Street",London,ON,Ontario,"N0N 0N0",CA,Canada,ChristopherBGlass@jourrapide.com,Tude1947,ciiVoacah1,"Mozilla/5.0 (Macintosh; Intel Mac OS X 10_11_6) AppleWebKit/537.36 (KHTML, like Gecko) Chrome/56.0.2924.87 Safari/537.36",519-660-9872,1,Hammonds,11/27/1947,69,Sagittarius,MasterCard,5430822033174620,854,11/2019,"241 767 458","1Z 299 85A 08 2707 641 8",7375079980,24636866,Green,"Semiconductor processing technician","Solid Future","2011 Hyundai Equus",Riddles101.ca,B+,209.9,95.4,"5' 10""",178,3bb9f043-a765-451c-b086-586fdec5167b,43.069369,-81.18147
male,Mr.,Alan,S,Alvarado,35,American,"970 Exmouth Street",Sarnia,ON,Ontario,"N7T 4C8",CA,Canada,AlanSAlvarado@cuvox.de,Fittle,Kee2ohphee,"Mozilla/5.0 (Windows NT 6.1; WOW64) AppleWebKit/537.36 (KHTML, like Gecko) Chrome/55.0.2883.87 Safari/537.36",519-337-4005,1,Cornman,3/17/1961,55,Pisces,Visa,4929778425453801,263,2/2020,"476 583 257","1Z 31E 301 81 9698 125 5",4922345383,33988027,Red,"Health information technician","Gold Medal","2004 Scion xB",MagicWines.ca,O+,254.5,115.7,"5' 6""",168,04bd84e8-2553-45de-8a92-b1d17fdd3594,43.016463,-82.339135
female,Ms.,Cheryl,T,Muldowney,36,American,"4940 rue Fournier","St Jerome",QC,Quebec,"J7Z 5L3",CA,Canada,CherylTMuldowney@rhyta.com,Hakind,Ing7cif2,"Mozilla/5.0 (Windows NT 5.1; rv:51.0) Gecko/20100101 Firefox/51.0",450-821-7823,1,Miller,3/2/1936,81,Pisces,MasterCard,5451566315003619,601,1/2021,"610 690 174","1Z 041 A05 21 5125 621 8",2502210391,62301504,Black,Jailer,"Sunny's Surplus","1993 Toyota Land Cruiser",TalkPays.ca,B+,146.7,66.7,"5' 5""",164,f5e20003-99ab-45cc-8b6f-bf621f3ac8ce,45.767403,-73.958026
male,Dr.,Carl,L,Anderson,37,American,"4126 Dundas St",London,ON,Ontario,"N6B 3L5",CA,Canada,CarlLAnderson@dayrep.com,Andut1967,quia7gath8L,"Mozilla/5.0 (Macintosh; Intel Mac OS X 10_12_3) AppleWebKit/602.4.8 (KHTML, like Gecko) Version/10.0.3 Safari/602.4.8",519-857-7649,1,Chick,8/8/1967,49,Leo,Visa,4485246894816755,038,4/2020,"427 641 857","1Z 243 586 99 1161 085 1",4709313702,74089533,Blue,"Security and fire alarm systems installer","Standard Food","2007 Nissan Pathfinder",GetSuite.ca,A+,146.1,66.4,"6' 2""",188,6650aeaf-15d0-4574-8deb-a7beb6e1ea5b,42.924822,-81.347596
female,Ms.,Tiffany,W,Davis,38,American,"360 Higginsville Road","Wentworth Creek",NS,"Nova Scotia","B0N 2T0",CA,Canada,TiffanyWDavis@jourrapide.com,Imalk1953,Nax3thoo,"Mozilla/5.0 (Windows NT 6.3; Win64; x64) AppleWebKit/537.36 (KHTML, like Gecko) Chrome/56.0.2924.87 Safari/537.36",902-791-5464,1,Garnett,2/8/1953,64,Aquarius,MasterCard,5454726477283337,794,4/2022,"190 776 625","1Z E29 218 76 0352 084 0",4134291475,71061445,Green,Cadet,"Shoe Town","2006 Nissan Pathfinder",SoapOperaReporter.ca,B+,225.3,102.4,"5' 4""",163,3f10ee30-9212-476e-a6c7-5f2477a9f50a,44.910911,-64.177533
female,Mrs.,Katherine,R,Smith,39,American,"1344 Churchill Plaza","Sault Ste Marie",ON,Ontario,"P6A 1Z2",CA,Canada,KatherineRSmith@teleworm.us,Uselly,shu1WoZ3ee,"Mozilla/5.0 (Macintosh; Intel Mac OS X 10_12_3) AppleWebKit/602.4.8 (KHTML, like Gecko) Version/10.0.3 Safari/602.4.8",705-987-6820,1,Barnes,12/13/1971,45,Sagittarius,MasterCard,5492283094965320,220,12/2021,"519 342 968","1Z 023 E72 30 9255 872 3",7273703948,73538775,Blue,Lawyer,Peaches,"2008 Mercedes-Benz CL",WhoIsCompany.ca,B+,191.0,86.8,"5' 7""",170,f7f0703e-804f-4998-994c-906a1760c1ca,46.506509,-84.369476
female,Mrs.,Yvonne,J,Sorenson,40,American,"1259 Parkdale Ave",Brockville,ON,Ontario,"K6V 4X4",CA,Canada,YvonneJSorenson@rhyta.com,Musivan,yooPhiu1o,"Mozilla/5.0 (Windows NT 6.1) AppleWebKit/537.36 (KHTML, like Gecko) Chrome/56.0.2924.87 Safari/537.36",613-349-8481,1,Smith,8/4/1946,70,Leo,Visa,4532893439168938,400,8/2020,"229 175 948","1Z 7E4 690 97 4496 283 6",5727709196,95428522,Blue,"Reinforcing iron and rebar worker","Pro Property Maintenance","2001 BMW X5",KidsTrays.ca,O+,214.7,97.6,"5' 1""",154,c2aa0f2a-ee09-46b7-8af7-50ff126ec001,44.538256,-75.771327
female,Mrs.,Ernestine,W,Ryan,41,American,"208 Bridgeport Rd",Hamilton,ON,Ontario,"L9A 4V3",CA,Canada,ErnestineWRyan@cuvox.de,Jacted,ag1Mozae,"Mozilla/5.0 (Windows NT 6.1; Win64; x64) AppleWebKit/537.36 (KHTML, like Gecko) Chrome/55.0.2883.87 Safari/537.36",905-389-1497,1,Wilder,4/5/1993,23,Aries,MasterCard,5505202334062800,078,3/2021,"585 637 150","1Z 038 861 56 5308 653 2",8898623795,72602898,Purple,"Product development manager","System Star Solutions","2005 Mercedes-Benz Bionic Car Concept",NorthTowers.ca,A+,219.6,99.8,"5' 9""",175,659d2fae-7ce6-48d8-b0d3-68c1452b0e74,43.163601,-79.855808
female,Ms.,Agnes,G,Mullins,42,American,"378 St Jean Baptiste St","Hebertville Station",QC,Quebec,"G0W 1T0",CA,Canada,AgnesGMullins@jourrapide.com,Insittlyse,iephohD1Oh,"Mozilla/5.0 (Windows NT 6.1; rv:51.0) Gecko/20100101 Firefox/51.0",418-344-1279,1,Siders,12/17/1990,26,Sagittarius,MasterCard,5276306827934941,622,10/2020,"024 796 831","1Z 47A Y70 96 1150 138 1",7897776085,47284037,Blue,Platemaker,"Camelot Music","2009 Chevrolet Matiz",TubeCaptions.ca,A+,167.0,75.9,"5' 9""",174,a349dd61-4808-4023-ac84-a451b21b268f,48.431553,-71.641172
male,Mr.,Kevin,B,Anderson,43,American,"2293 Port Washington Road","Grassy Lake",AB,Alberta,"T0K 0Z0",CA,Canada,KevinBAnderson@dayrep.com,Arfeardede,AhF1shaiqu,"Mozilla/5.0 (Macintosh; Intel Mac OS X 10_12_3) AppleWebKit/537.36 (KHTML, like Gecko) Chrome/56.0.2924.87 Safari/537.36",403-655-6788,1,Lyons,8/14/1991,25,Leo,Visa,4916793234358435,993,1/2022,"671 699 411","1Z 510 973 31 4993 075 2",4382120906,67192123,Red,"Publicity agent",Playworld,"1996 Mitsubishi Carisma",GuyJobs.ca,A+,235.2,106.9,"6' 1""",186,d858e665-4f97-4b26-8917-8f25a8b89d2e,49.827483,-111.706504
male,Mr.,Roy,E,Granado,44,American,"2484 3rd Avenue",Lethbridge,AB,Alberta,"T1J 0J9",CA,Canada,RoyEGranado@jourrapide.com,Suarrover,aiThoiM3uwi,"Mozilla/5.0 (Windows NT 6.1; WOW64) AppleWebKit/537.36 (KHTML, like Gecko) Chrome/56.0.2924.87 Safari/537.36",403-634-3862,1,Dixon,12/27/1969,47,Capricorn,Visa,4929594136306786,742,2/2020,"191 617 190","1Z 795 52F 34 2586 659 8",2358320024,06153100,Blue,"Telecommunications service technician","Saturday Matinee","1999 Buick LeSabre",PrankAwards.ca,O+,197.6,89.8,"5' 6""",167,a6553ba7-d466-4e3a-beda-1d49611de08a,49.641329,-112.824242
male,Mr.,Steve,T,Redman,45,American,"4591 St George Street",Vancouver,BC,"British Columbia","V5T 1Z7",CA,Canada,SteveTRedman@superrito.com,Ideme1971,ShooPoo2oh,"Mozilla/5.0 (Windows NT 10.0; WOW64; rv:51.0) Gecko/20100101 Firefox/51.0",604-877-5595,1,Tobin,10/31/1971,45,Scorpio,Visa,4716201777170771,325,5/2021,"711 165 589","1Z 00V 461 67 9705 908 9",9118298115,14234931,Red,"Mortgage loan officer","Market Basket","2009 Audi R8",AndroidVillage.ca,O+,208.8,94.9,"5' 9""",176,1f8c9bfb-e707-4dc8-9e37-b8d5cf5526be,49.249185,-123.149162
female,Ms.,Denise,R,Bullock,46,American,"3813 Pine Street",Nisku,AB,Alberta,"T0C 2G0",CA,Canada,DeniseRBullock@fleckens.hu,Sarem1958,au1Ohch0qu,"Mozilla/5.0 (Windows NT 6.1; WOW64) AppleWebKit/537.36 (KHTML, like Gecko) Chrome/56.0.2924.87 Safari/537.36",780-955-9796,1,Rodriguez,5/20/1958,58,Taurus,Visa,4929366357287783,020,6/2020,"040 088 338","1Z 080 783 68 8672 156 4",9185220310,68443602,Green,"Professional property manager","Body Fate","1996 Renault Spider",SkinConvention.ca,B+,176.7,80.3,"5' 1""",154,7138fa45-40da-4c80-8894-f55e111ae012,53.395049,-113.590995
male,Mr.,Daniel,V,Marquez,47,American,"2252 Port Washington Road",Banff,AB,Alberta,"T0L 0C0",CA,Canada,DanielVMarquez@superrito.com,Reaked,kif2iYee,"Mozilla/5.0 (Windows NT 10.0; WOW64; rv:51.0) Gecko/20100101 Firefox/51.0",403-431-6077,1,Riley,3/26/1982,34,Aries,MasterCard,5131037761441024,752,9/2022,"399 196 385","1Z 378 925 54 4004 166 6",6344127203,88060780,Blue,"Small engine mechanic","Huffman and Boyle","2001 Suzuki SX",CamouflagePro.ca,B+,162.1,73.7,"6' 3""",190,420b5fd9-f630-4a78-8c91-4b07ffb50dff,51.127354,-115.479633
male,Mr.,Christopher,I,Pollard,48,American,"1915 Mill Street",Seaforth,ON,Ontario,"N0K 1W0",CA,Canada,ChristopherIPollard@jourrapide.com,Getelon,fae5Ifi6zoh,"Mozilla/5.0 (Windows NT 6.1; WOW64) AppleWebKit/537.36 (KHTML, like Gecko) Chrome/56.0.2924.87 Safari/537.36",519-527-4269,1,Costello,9/10/1950,66,Virgo,MasterCard,5336456604379261,743,6/2021,"100 960 673","1Z 008 902 37 9217 370 0",0436669765,81855375,Blue,"Computer forensic investigator","Handy City","2004 Mitsubishi Endeavor",GreensboroAutomobile.ca,A+,194.5,88.4,"5' 8""",172,53f2af16-2022-4d3e-b630-e21b04ca5004,43.489679,-81.429961
female,Ms.,Shirley,R,Underwood,49,American,"3305 Yonge Street",Toronto,ON,Ontario,"M4W 1J7",CA,Canada,ShirleyRUnderwood@superrito.com,Thys1966,deiS0yoov,"Mozilla/5.0 (Windows NT 10.0; Win64; x64) AppleWebKit/537.36 (KHTML, like Gecko) Chrome/56.0.2924.87 Safari/537.36",416-928-8250,1,Lees,7/9/1966,50,Cancer,Visa,4929686945084578,180,10/2022,"685 386 880","1Z 824 V54 86 5357 446 7",2697642422,39099105,Purple,"Medical interpreter","Auto Works","2001 Suzuki Swift",DomainRetrieve.ca,O+,170.3,77.4,"5' 1""",154,4131f470-90ed-4c12-8cf7-3c8a92ff3c47,43.758963,-79.505675
female,Dr.,Jennifer,J,Mueller,50,American,"2765 Speers Road",Oakville,ON,Ontario,"L6J 3X4",CA,Canada,JenniferJMueller@jourrapide.com,Tooke1936,aiyu2suiFee,"Mozilla/5.0 (Macintosh; Intel Mac OS X 10_12_3) AppleWebKit/537.36 (KHTML, like Gecko) Chrome/56.0.2924.87 Safari/537.36",905-815-8946,1,Wells,2/23/1936,81,Pisces,MasterCard,5289582544490483,135,5/2019,"066 692 096","1Z 931 483 77 0323 718 9",5093087218,62005199,Purple,"Health education specialist","Roadhouse Grill","2010 Volvo XC70",NightlifeCulture.ca,A+,175.3,79.7,"5' 2""",157,fa152cee-3c42-4c48-8168-df4f41d71c7e,43.375503,-79.717342
male,Mr.,Michael,P,Lopez,51,American,"4222 St Jean Baptiste St","St Come De Kennebec",QC,Quebec,"G0M 1J0",CA,Canada,MichaelPLopez@einrot.com,Sprems1980,oogoo6Ujai,"Mozilla/5.0 (Windows NT 10.0; WOW64) AppleWebKit/537.36 (KHTML, like Gecko) Chrome/56.0.2924.87 Safari/537.36",418-685-4715,1,Moore,5/4/1980,36,Taurus,MasterCard,5174247940799147,961,6/2020,"515 245 116","1Z A68 W50 75 4082 479 7",7436972050,32150721,Blue,"Insurance manager","Just For Fun","2000 Toyota Crown",FindVoyages.ca,O-,216.9,98.6,"6' 1""",186,68923d66-b7ac-4fcf-a8a5-1b1359609649,46.013985,-70.515051
female,Ms.,Amber,A,Barber,52,American,"1145 Bank St",Ottawa,ON,Ontario,"K1H 7Z1",CA,Canada,AmberABarber@armyspy.com,Siblen,ieBa4aev9,"Mozilla/5.0 (Macintosh; Intel Mac OS X 10_11_6) AppleWebKit/537.36 (KHTML, like Gecko) Chrome/56.0.2924.87 Safari/537.36",613-247-0962,1,Lewis,11/25/1946,70,Sagittarius,Visa,4485443987766688,669,12/2022,"239 323 140","1Z 111 4A0 75 4199 656 0",7013423140,82719534,Blue,"Agricultural manager","Strategy Planner","2006 Holden Barina",ClubAnalyst.ca,O+,186.1,84.6,"5' 5""",165,969e9487-14d4-4392-bde4-4850a0c693fa,45.424516,-75.645197
male,Mr.,Tyrone,G,Barnes,53,American,"3001 184th Street",Edmonton,AB,Alberta,"T5J 2R4",CA,Canada,TyroneGBarnes@armyspy.com,Bost1950,yeiQu3iL,"Mozilla/5.0 (Macintosh; Intel Mac OS X 10_11_6) AppleWebKit/537.36 (KHTML, like Gecko) Chrome/55.0.2883.95 Safari/537.36",403-999-0885,1,Robinson,4/29/1950,66,Taurus,Visa,4539240481938821,056,2/2018,"571 225 218","1Z 615 09E 37 3039 495 7",3403935404,01247560,Blue,"Television announcer","Grey Fade","2011 Hyundai Accent",Companyville.ca,B+,185.7,84.4,"5' 9""",176,75385e00-3fc7-48a5-8188-d0015d684220,53.608083,-113.409796
female,Ms.,Vina,R,Hernandez,54,American,"871 Davis Drive",Markham,ON,Ontario,"L3P 2M4",CA,Canada,VinaRHernandez@dayrep.com,Onjusy,Eev9echoh,"Mozilla/5.0 (Macintosh; Intel Mac OS X 10_12_2) AppleWebKit/537.36 (KHTML, like Gecko) Chrome/56.0.2924.87 Safari/537.36",905-472-2018,1,Kistler,11/11/1936,80,Scorpio,Visa,4716315357442937,264,12/2022,"738 155 449","1Z 658 778 57 2478 334 0",3167092413,68338476,Red,"Lift truck operator","AM/PM Camp","1994 Suzuki Alto",AtlantisGuide.ca,B+,206.8,94.0,"5' 5""",165,fabad9e3-c5e8-409b-a8db-0e26c44da523,43.782877,-79.26326
female,Mrs.,Sandra,M,Parker,55,American,"2396 Queens Sq",Hespeler,ON,Ontario,"N3C 1H3",CA,Canada,SandraMParker@cuvox.de,Awask1938,xiex4Xejae,"Mozilla/5.0 (Macintosh; Intel Mac OS X 10_12_3) AppleWebKit/537.36 (KHTML, like Gecko) Chrome/56.0.2924.87 Safari/537.36",519-658-9564,1,Pohl,8/28/1938,78,Virgo,MasterCard,5361696824033481,614,9/2019,"495 560 682","1Z 147 476 40 8912 904 6",1624681255,85730252,Black,"Geriatric aide","Gino's Hamburgers","2001 Renault Talisman",JournalLending.ca,O+,189.2,86.0,"5' 1""",155,a1ed4b6a-7989-43ad-ba28-2984cfed2f91,43.426438,-80.218236
female,Ms.,Yolanda,J,Siebert,56,American,"2813 St. John Street",Qu'appelle,SK,Saskatchewan,"S4P 3Y2",CA,Canada,YolandaJSiebert@cuvox.de,Thady1932,ohB1uv2ang,"Mozilla/5.0 (Macintosh; Intel Mac OS X 10_10_5) AppleWebKit/537.36 (KHTML, like Gecko) Chrome/56.0.2924.87 Safari/537.36",306-699-6551,1,Arpin,9/10/1932,84,Virgo,Visa,4539189283247768,216,2/2020,"079 761 896","1Z 1Y5 271 22 7620 133 5",8848613323,86034338,Blue,"Gerontology social worker",Sherman's,"2000 Beijing BJ 2021",CashmereImporter.ca,O+,168.7,76.7,"5' 1""",155,a4e29510-0104-4677-a6c9-9f3f94a7c886,50.482737,-103.872285
female,Ms.,Pamela,K,Digennaro,57,American,"586 Blanshard",Victoria,BC,"British Columbia","V8W 2H9",CA,Canada,PamelaKDigennaro@cuvox.de,Geoptants,lee5eiCh,"Mozilla/5.0 (Windows NT 6.1; WOW64) AppleWebKit/537.36 (KHTML, like Gecko) Chrome/56.0.2924.87 Safari/537.36",250-880-5911,1,Soza,9/25/1983,33,Libra,Visa,4716180923268947,407,11/2018,"019 013 267","1Z A86 422 56 2744 551 4",9668392357,52908420,Blue,"Food batchmaker","Integra Wealth Planners","2000 Chevrolet Express",MobileShutters.ca,A-,125.4,57.0,"5' 8""",173,5e10aa4c-4f87-4672-a11a-42f63f92b3b4,48.35544,-123.399658
female,Ms.,Shelli,T,Valencia,58,American,"2809 Bloor Street",Vermilion,AB,Alberta,"T0B 4M0",CA,Canada,ShelliTValencia@cuvox.de,Frok1944,wueph2aeNgei,"Mozilla/5.0 (Windows NT 6.1) AppleWebKit/537.36 (KHTML, like Gecko) Chrome/56.0.2924.87 Safari/537.36",780-581-1955,1,Howell,5/28/1944,72,Gemini,Visa,4716130682351814,376,12/2020,"707 599 536","1Z 760 706 83 4540 441 5",4911081679,27298002,Black,"Community health educator",Romp,"2000 Buick Riviera",Dealerville.ca,A+,211.2,96.0,"5' 5""",166,f840d27a-5ce8-41e3-ab33-655afd9b50cd,53.302103,-110.820346
female,Ms.,Wanda,J,Mattison,59,American,"2237 Bayfield St",Barrie,ON,Ontario,"L4M 4S7",CA,Canada,WandaJMattison@fleckens.hu,Caunces,ieX5phoem9ae,"Mozilla/5.0 (Windows NT 6.1; WOW64) AppleWebKit/537.36 (KHTML, like Gecko) Chrome/56.0.2924.87 Safari/537.36",705-795-9161,1,Stroud,7/19/1946,70,Cancer,MasterCard,5507143331444203,424,2/2021,"199 447 012","1Z 0W3 A99 72 5441 216 2",4915825128,96075049,Green,"Gynecologic sonographer","Master Builder Design Services","2004 Suzuki XL7",FencingExhibition.ca,A+,194.7,88.5,"5' 0""",152,2c45ff0d-55b3-4591-8048-16c5570bbed0,44.316298,-79.672382
female,Mrs.,Karen,J,Phipps,60,American,"2315 Parkdale Ave",Cornwall,ON,Ontario,"K6H 6Y4",CA,Canada,KarenJPhipps@fleckens.hu,Marmyre,eeweoR9oh,"Mozilla/5.0 (X11; Linux x86_64) AppleWebKit/537.36 (KHTML, like Gecko) Chrome/55.0.2883.75 Safari/537.36",613-363-6421,1,Huerta,10/14/1933,83,Libra,Visa,4916207667168856,061,4/2022,"295 684 583","1Z 58E 099 54 0430 918 9",7257961533,43534038,Blue,"Floor broker","Your Choices","2005 Vauxhall VX220",SwedenDigest.ca,O+,176.9,80.4,"5' 5""",164,080ffbc3-9409-41db-a6e2-2d0db4833629,45.075987,-74.821597
male,Dr.,Ernest,L,Eckert,61,American,"4707 Holdom Avenue",Surrey,BC,"British Columbia","V3T 4Y5",CA,Canada,ErnestLEckert@teleworm.us,Landeat1970,Ekae8eXa,"Mozilla/5.0 (Windows NT 10.0; Win64; x64) AppleWebKit/537.36 (KHTML, like Gecko) Chrome/56.0.2924.87 Safari/537.36",604-583-9102,1,Shields,7/10/1970,46,Cancer,MasterCard,5135938355034016,434,11/2019,"424 514 966","1Z 43W 883 44 9885 996 8",5175999840,98835466,Blue,"Machine feeder","The Fox and Hound ","2015 Lincoln MKC",CaracasNightclub.ca,O+,243.1,110.5,"5' 11""",181,430b53aa-122b-44ee-8853-2b91b654bff9,49.044567,-122.789575
male,Mr.,William,Y,Deloach,62,American,"673 rue de la Gauchetière",Montreal,QC,Quebec,"H3B 2M3",CA,Canada,WilliamYDeloach@jourrapide.com,Manothaver,Aivaeghaej4,"Mozilla/5.0 (Windows NT 10.0; WOW64) AppleWebKit/537.36 (KHTML, like Gecko) Chrome/56.0.2924.87 Safari/537.36",514-394-2335,1,Fales,10/17/1947,69,Libra,Visa,4916063083690811,188,7/2018,"269 145 009","1Z 1W7 2F2 82 6261 009 4",3266743291,59970914,Blue,"Instructional coach","Star Assistance","2003 Mitsubishi Eclipse",CounselingMaterials.ca,A+,139.5,63.4,"5' 5""",165,2ee44eba-fcbd-48c0-8493-3e5a2682d571,45.435157,-73.652169
male,Mr.,Dennis,R,Mayfield,63,American,"1544 Parkdale Ave",Brockville,ON,Ontario,"K6V 4N8",CA,Canada,DennisRMayfield@dayrep.com,Prabovers,CieK5aiqui,"Mozilla/5.0 (Windows NT 10.0; Win64; x64) AppleWebKit/537.36 (KHTML, like Gecko) Chrome/56.0.2924.87 Safari/537.36",613-213-4820,1,Nitz,4/29/1931,85,Taurus,MasterCard,5100851116576327,833,11/2021,"521 498 253","1Z 06V 3F5 08 5458 329 1",6147822230,62365899,Blue,"Apparel worker","Magik Grey","2011 Volkswagen GTI",AgeScout.ca,O+,176.0,80.0,"5' 5""",165,37dee55e-ab74-4ac8-91d1-ef25a724839a,44.549078,-75.636875
female,Mrs.,Tammy,R,Eggen,64,American,"4801 rue Principale","La Sarre",QC,Quebec,"J9Z 1H5",CA,Canada,TammyREggen@teleworm.us,Dersir,Oom3quoko7sh,"Mozilla/5.0 (Windows NT 6.1; WOW64) AppleWebKit/537.36 (KHTML, like Gecko) Chrome/56.0.2924.87 Safari/537.36",819-333-7659,1,Green,8/22/1959,57,Leo,Visa,4556986666642137,019,12/2021,"063 709 216","1Z 587 215 34 4076 796 5",4622579296,31914451,Blue,"Greenhouse manager",Maxi-Tech,"1993 Ferrari F1 93",SolutionApps.ca,O+,203.3,92.4,"5' 5""",164,fafede49-d3bd-4378-b280-656b98a03f2d,48.804326,-79.175067
female,Ms.,Betty,D,Watson,65,American,"4896 Coldstream Avenue",Vernon,BC,"British Columbia","V1T 6N1",CA,Canada,BettyDWatson@dayrep.com,Vencome,thohKoo0io,"Mozilla/5.0 (Windows NT 6.1; WOW64) AppleWebKit/537.36 (KHTML, like Gecko) Chrome/56.0.2924.87 Safari/537.36",250-545-0098,1,Decicco,12/18/1949,67,Sagittarius,Visa,4532902862031669,346,6/2021,"797 925 450","1Z 693 245 47 7058 627 7",4963702461,69735818,Green,"U.S. Secret Service special agent",Jacobs,"2003 Chevrolet Prizm",LocalEvaluation.ca,A+,121.0,55.0,"5' 2""",158,76ccf91d-5394-48e7-8389-9f5c5a6deac6,50.362919,-119.288245
female,Ms.,Rose,R,Moyer,66,American,"763 chemin Georges","St Calixte De Kilkenny",QC,Quebec,"J0K 1Z0",CA,Canada,RoseRMoyer@rhyta.com,Sonts1936,Toh5aoS3coo,"Mozilla/5.0 (Windows NT 10.0; Win64; x64) AppleWebKit/537.36 (KHTML, like Gecko) Chrome/56.0.2924.87 Safari/537.36",450-222-9941,1,Cunningham,1/24/1936,81,Aquarius,MasterCard,5143762100745134,959,2/2021,"148 553 746","1Z 071 004 97 8594 047 0",6294527743,85681813,Blue,"Custodial worker","Multi Tech Development","2006 Hyundai Panel Van",ReceiveCall.ca,B+,171.2,77.8,"5' 5""",166,3a03d420-915b-46af-8c8a-d6c020abe5f3,45.915262,-73.869719
male,Dr.,David,S,Jimenez,67,American,"165 Sixth Street","New Westminster",BC,"British Columbia","V3L 3C1",CA,Canada,DavidSJimenez@superrito.com,Ereepliefor,Aitha0tu0Fee,"Mozilla/5.0 (Windows NT 10.0; WOW64) AppleWebKit/537.36 (KHTML, like Gecko) Chrome/56.0.2924.87 Safari/537.36",604-515-1712,1,Beaver,4/14/1979,37,Aries,MasterCard,5101149701869291,587,6/2021,"162 381 347","1Z 564 253 34 2896 407 6",6017947220,24062065,Orange,"Building consultant","Funtown toys","2002 Porsche 911",HelpContacts.ca,O+,236.9,107.7,"5' 9""",176,1c1aea4b-a7b6-46d8-a3de-6f642c52c2fd,49.289141,-122.841528
male,Mr.,Earl,L,Follansbee,68,American,"4217 Eagle Rd",Toronto,ON,Ontario,"M8Z 4H4",CA,Canada,EarlLFollansbee@teleworm.us,Theassy1986,xi5nahbuiK,"Mozilla/5.0 (Windows NT 10.0; WOW64) AppleWebKit/537.36 (KHTML, like Gecko) Chrome/56.0.2924.87 Safari/537.36",416-237-1731,1,Logan,2/7/1986,31,Aquarius,MasterCard,5340243577791472,169,5/2022,"481 548 659","1Z 54A A42 48 3166 104 2",7919310219,68585235,Blue,"Labor trainer","Present Company","2015 Acura RDX",TagCams.ca,A+,147.8,67.2,"6' 2""",189,058dbd97-0c20-433b-97cc-f2fbde37c56b,43.661058,-79.399551
male,Mr.,Steven,W,Selvidge,69,American,"324 Fallon Drive",Thedford,ON,Ontario,"N0M 2N0",CA,Canada,StevenWSelvidge@fleckens.hu,Drand1988,Eimue1Uapae,"Mozilla/5.0 (Windows NT 10.0; Win64; x64) AppleWebKit/537.36 (KHTML, like Gecko) Chrome/56.0.2924.87 Safari/537.36",519-296-2383,1,Boos,2/2/1988,29,Aquarius,Visa,4485696185997617,604,1/2019,"022 493 878","1Z 462 351 22 7331 506 1",0374002875,77809692,Blue,"Religious activities and education director","Walt's IGA","2009 Lamborghini Gallardo",DirectionCards.ca,O+,223.7,101.7,"5' 7""",169,704bb64e-1728-45a1-88f5-c996a50f9643,43.106456,-81.933948
male,Mr.,Arden,J,Reinhart,70,American,"2292 St Jean Baptiste St","La Martre",QC,Quebec,"G0E 2H0",CA,Canada,ArdenJReinhart@jourrapide.com,Kand1991,nie0io2Ao,"Mozilla/5.0 (Windows NT 10.0; Win64; x64) AppleWebKit/537.36 (KHTML, like Gecko) Chrome/56.0.2924.87 Safari/537.36",418-288-9399,1,Rosso,5/18/1991,25,Taurus,MasterCard,5211761366299833,019,4/2020,"088 034 103","1Z 211 688 96 3549 114 3",9216194613,74335097,Orange,"Insurance claims and policy processing clerk","Record Bar","2007 Chevrolet Impala",DiscountRacquet.ca,A+,222.0,100.9,"6' 0""",184,04ff12c2-ada9-4ca0-ab7f-4a0e6e06052d,49.183165,-66.143665
female,Mrs.,Diann,M,Doucette,71,American,"3127 Carling Avenue",Ottawa,ON,Ontario,"K1Z 7B5",CA,Canada,DiannMDoucette@gustr.com,Ansionatter,niej8aeY,"Mozilla/5.0 (Windows NT 6.1; WOW64) AppleWebKit/537.36 (KHTML, like Gecko) Chrome/56.0.2924.87 Safari/537.36",613-720-0321,1,Ames,3/29/1967,49,Aries,MasterCard,5145907420110703,709,3/2018,"454 336 371","1Z 173 85W 00 3360 399 2",0570595948,23755710,Blue,"Rental clerk","Alladin's Lamp","2001 Holden UTE",RecycledCup.ca,A+,144.5,65.7,"5' 1""",156,1490e869-28f3-41f5-9d40-0d269b4d0aff,45.498809,-75.691436
female,Mrs.,Jean,A,Shell,72,American,"2952 James Street",Burnaby,BC,"British Columbia","V5G 1J9",CA,Canada,JeanAShell@teleworm.us,Abirloyst,Kaish0ohr6,"Mozilla/5.0 (Macintosh; Intel Mac OS X 10_12_3) AppleWebKit/602.4.8 (KHTML, like Gecko) Version/10.0.3 Safari/602.4.8",604-420-5481,1,Levin,8/5/1976,40,Leo,MasterCard,5523977996871949,318,5/2019,"042 135 608","1Z 92E 726 10 5006 524 0",3223223891,46163638,Blue,"Bleaching and dyeing machine operator","Audio Aid","2011 Peugeot 107",SpecialNeighbors.ca,O+,193.4,87.9,"5' 4""",162,0965d0e3-32b6-40a0-a7ef-0af4c592a80f,49.296033,-123.045938
female,Mrs.,Heidi,D,Thomas,73,American,"3719 René-Lévesque Blvd",Montreal,QC,Quebec,"H3B 4W8",CA,Canada,HeidiDThomas@jourrapide.com,Amis1940,xiesh6Ae,"Mozilla/5.0 (Windows NT 10.0; Win64; x64; rv:51.0) Gecko/20100101 Firefox/51.0",514-659-7926,1,Brown,4/29/1940,76,Taurus,MasterCard,5530381457288530,445,2/2019,"030 746 564","1Z 5E3 949 44 9327 933 3",7206572592,33669094,Purple,Midshipman,"Good Guys","2008 Audi S3",SearchingPays.ca,O+,134.4,61.1,"5' 4""",162,ccc6c6a8-3ad7-41dd-8370-a3f4a48cdcaa,45.502558,-73.594158
female,Mrs.,Virginia,B,Magno,74,American,"1436 James Street","St George",ON,Ontario,"N0E 1N0",CA,Canada,VirginiaBMagno@einrot.com,Farly1991,oifeix2Oh,"Mozilla/5.0 (Windows NT 6.1; rv:51.0) Gecko/20100101 Firefox/51.0",519-448-7252,1,Jennings,10/29/1991,25,Scorpio,MasterCard,5376192480208883,350,1/2021,"163 103 849","1Z 418 649 92 9904 670 7",0038473708,53140332,Purple,"Promotions manager","Vinyl Fever","2003 Daewoo Chairman",DomainDVD.ca,AB+,169.6,77.1,"5' 6""",168,d4b95611-968e-4f29-a9c4-8ffe649b3711,43.264388,-80.251086
female,Ms.,Micaela,D,Kappler,75,American,"2803 Central Pkwy",Mississauga,ON,Ontario,"L5L 5S1",CA,Canada,MicaelaDKappler@superrito.com,Threst66,Pie5gooSh2x,"Mozilla/5.0 (Windows NT 10.0; Win64; x64) AppleWebKit/537.36 (KHTML, like Gecko) Chrome/55.0.2883.87 Safari/537.36",905-601-8416,1,Gwin,2/14/1966,51,Aquarius,Visa,4532217314473470,491,5/2020,"235 537 156","1Z 4Y7 986 70 9409 652 6",3585938955,39749685,Green,"Securities analyst","Lafayette Radio","2003 Hyundai Dynasty",AromatherapyJobs.ca,A+,137.9,62.7,"5' 5""",166,0bdc662c-94d5-4077-b600-36123353aabd,43.121016,-79.549023
male,Mr.,Jason,D,Carney,76,American,"1398 Merton Street",Toronto,ON,Ontario,"M1L 3K7",CA,Canada,JasonDCarney@einrot.com,Shabligne,aiZ7suchae,"Mozilla/5.0 (Windows NT 10.0; Win64; x64) AppleWebKit/537.36 (KHTML, like Gecko) Chrome/56.0.2924.87 Safari/537.36",416-428-1634,1,Nunn,2/16/1983,34,Aquarius,MasterCard,5599890463620047,008,8/2020,"265 805 432","1Z V52 Y36 90 6137 648 4",6303419200,69908855,Green,"ESL teacher","Brand Names","2015 Jaguar XF",StartupMall.ca,O+,205.0,93.2,"6' 0""",182,a47918c5-a05f-4f06-aee8-aeaa194e336d,43.660394,-79.323834
female,Ms.,Brittney,D,Williams,77,American,"3749 Lauzon Parkway",Windsor,ON,Ontario,"N8Y 4V1",CA,Canada,BrittneyDWilliams@armyspy.com,Prient,bohYu9Eu,"Mozilla/5.0 (Macintosh; Intel Mac OS X 10_12_3) AppleWebKit/602.4.8 (KHTML, like Gecko) Version/10.0.3 Safari/602.4.8",519-965-2885,1,Temple,1/15/1960,57,Capricorn,Visa,4929571531484970,786,12/2022,"293 409 991","1Z 116 4E8 04 8541 624 0",9786426471,24974846,Blue,"Engineering technician","National Record Mart","1993 Lexus GS",BroadcastConvention.ca,A+,179.5,81.6,"5' 7""",169,f5309f22-f592-440b-a49b-166e333a644d,42.399445,-82.991595
male,Mr.,Kenneth,I,Field,78,American,"4313 Runnymede Rd",Toronto,ON,Ontario,"M6S 2Z7",CA,Canada,KennethIField@dayrep.com,Shaltarea1990,ne3Ohp0Ie,"Mozilla/5.0 (Windows NT 10.0; Win64; x64) AppleWebKit/537.36 (KHTML, like Gecko) Chrome/55.0.2883.87 Safari/537.36",416-767-2947,1,Buckley,12/29/1990,26,Capricorn,MasterCard,5487601163646926,931,3/2018,"486 917 859","1Z 356 889 29 8870 994 9",2199962437,30075109,Silver,"Construction electrician","Hit or Miss","1996 Suzuki Samurai",RestaurantTheme.ca,B+,219.8,99.9,"5' 8""",173,14315b32-a17b-4d56-9848-17313923f22d,43.63354,-79.498717
female,Mrs.,Karleen,J,Duley,79,American,"381 Burdett Avenue","Powell River",BC,"British Columbia","V8A 1V6",CA,Canada,KarleenJDuley@einrot.com,Thempoess,Saib6Xai,"Mozilla/5.0 (Windows NT 10.0; WOW64) AppleWebKit/537.36 (KHTML, like Gecko) Chrome/56.0.2924.87 Safari/537.36",604-208-4684,1,Coker,5/22/1931,85,Gemini,Visa,4916798836161418,786,11/2020,"462 243 189","1Z A96 9E1 34 7148 251 9",4435272063,85374061,Red,"Land agent","Network Air","2008 Infiniti G37",SolarDiscussions.ca,B+,133.5,60.7,"5' 6""",168,b83e5a70-4a9a-4ab8-877b-08e892754811,49.830773,-124.558045
male,Mr.,Michael,S,Thomas,80,American,"3920 King Street",Chester,NS,"Nova Scotia","B0J 1J0",CA,Canada,MichaelSThomas@dayrep.com,Exture,Akae3aex1su,"Mozilla/5.0 (Windows NT 6.1; Win64; x64) AppleWebKit/537.36 (KHTML, like Gecko) Chrome/56.0.2924.87 Safari/537.36",902-980-4105,1,Aitken,12/8/1956,60,Sagittarius,MasterCard,5106905664801745,846,4/2021,"455 809 459","1Z 64W 937 36 1849 320 0",9725324334,84573915,Brown,"Electronic data processor",Luskin's,"2006 Alfa Romeo 166",GamblingPoint.ca,O+,154.2,70.1,"5' 7""",169,ec0eb4a2-aff2-4a9e-b29b-43b6a9f60a55,44.441426,-64.237573
female,Dr.,Nicole,C,Dubois,81,American,"2198 Benton Street",Kitchener,ON,Ontario,"N2G 4L9",CA,Canada,NicoleCDubois@cuvox.de,Romay1945,up2Na0jae5,"Mozilla/5.0 (X11; Ubuntu; Linux x86_64; rv:51.0) Gecko/20100101 Firefox/51.0",519-590-9299,1,Enger,12/4/1945,71,Sagittarius,MasterCard,5238642720260985,615,10/2018,"440 769 073","1Z 712 140 77 3034 414 8",8898004549,47947208,Purple,"Brazing worker","Virgin Megastores","2001 Daihatsu YRV",FinalSurgery.ca,AB+,175.1,79.6,"4' 11""",151,0a17b660-d439-4b8c-9fc3-e5fe331ef263,43.411664,-80.473438
male,Mr.,Jack,M,Robinson,82,American,"1612 Queen Elisabeth Blvd",Kenaston,SK,Saskatchewan,"S4P 3Y2",CA,Canada,JackMRobinson@teleworm.us,Evou1946,kai3Boo7ee,"Mozilla/5.0 (Windows NT 10.0; WOW64) AppleWebKit/537.36 (KHTML, like Gecko) Chrome/56.0.2924.76 Safari/537.36 OPR/43.0.2442.806",306-252-7436,1,Alston,12/25/1946,70,Capricorn,MasterCard,5112125019328078,108,3/2020,"480 333 004","1Z 48V 508 89 2695 418 9",9093437888,65994622,Green,"Logging equipment operator","Susie's Casuals","2001 Lexus GS",RawPreview.ca,B+,151.4,68.8,"5' 7""",169,5aa5e421-3eda-4546-abb8-f0af2d61ae5d,51.579614,-106.247728
female,Mrs.,Tracy,C,Stockton,83,American,"2611 Port Washington Road",Olds,AB,Alberta,"T0M 1P0",CA,Canada,TracyCStockton@cuvox.de,Absetiley,eeChoh9Chae,"Mozilla/5.0 (Windows NT 10.0; Win64; x64) AppleWebKit/537.36 (KHTML, like Gecko) Chrome/56.0.2924.87 Safari/537.36",403-507-7743,1,White,9/13/1987,29,Virgo,Visa,4929029341073467,225,2/2021,"663 491 140","1Z 7A3 153 57 1722 117 2",9431292987,15413052,Orange,"Precious stone and metal worker","Gamma Grays","1998 Acura RL",ListRules.ca,A+,160.6,73.0,"5' 8""",172,eb76bad3-ca1c-4f03-bcc3-91a63b7a191a,51.743274,-114.171193
female,Mrs.,Maria,J,Mosley,84,American,"4302 Brew Creek Rd",Sechelt,BC,"British Columbia","V0N 3A0",CA,Canada,MariaJMosley@rhyta.com,Wopmetuand88,Ahb8aiGohl,"Mozilla/5.0 (Windows NT 6.1; WOW64) AppleWebKit/537.36 (KHTML, like Gecko) Chrome/56.0.2924.87 Safari/537.36",604-740-9808,1,Hopkins,12/29/1988,28,Capricorn,Visa,4716035018338916,321,7/2018,"699 965 083","1Z 502 575 62 2752 978 4",4991153841,97520536,Brown,"Safety inspector","EnviroSource Design","2012 Mitsubishi Lancer",ATVSpots.ca,O+,115.5,52.5,"5' 6""",167,ae41565f-fec3-4365-a0a6-8dadae878539,49.52009,-123.841865
female,Mrs.,Rosella,L,Larosa,85,American,"150 9th Avenue",Woodstock,ON,Ontario,"N4S 6J6",CA,Canada,RosellaLLarosa@dayrep.com,Peetruse,ahCh1gieNg,"Mozilla/5.0 (Macintosh; Intel Mac OS X 10_12_3) AppleWebKit/602.4.8 (KHTML, like Gecko) Version/10.0.3 Safari/602.4.8",519-539-4205,1,Fewell,5/9/1969,47,Taurus,MasterCard,5497532138240206,603,6/2018,"495 615 049","1Z 440 929 59 3301 976 8",5571795655,13438340,Red,"Chief executive officer","Camelot Music","2003 Suzuki Ignis",ForeignFlick.ca,B+,181.9,82.7,"5' 3""",159,5a00ad37-d25a-4deb-9cf8-e4fb587d373f,46.093292,-67.493607
male,Mr.,Richard,A,Stone,86,American,"2806 Jade St","West Vancouver",BC,"British Columbia","V7V 1Y8",CA,Canada,RichardAStone@einrot.com,Garte1983,Cuoj4iez,"Mozilla/5.0 (X11; Linux x86_64) AppleWebKit/537.36 (KHTML, like Gecko) Chrome/55.0.2883.75 Safari/537.36",604-925-4199,1,Morales,9/29/1983,33,Libra,Visa,4916889567447165,038,12/2019,"692 984 487","1Z 695 744 89 8838 315 2",0193333951,84230936,Red,"Contract skidder","Soft Warehouse","1993 Mitsubishi Verada",ApricotBlog.ca,A-,182.8,83.1,"5' 7""",170,ecd395f0-1731-402a-ab6f-7f27774685f0,49.298564,-123.205178
female,Ms.,Dollie,E,Richmond,87,American,"1770 Charleton Ave",Hamilton,ON,Ontario,"L8N 3X3",CA,Canada,DollieERichmond@cuvox.de,Mannot88,aiVuThi7sh,"Mozilla/5.0 (X11; Ubuntu; Linux x86_64; rv:51.0) Gecko/20100101 Firefox/51.0",289-440-6151,1,Garcia,4/16/1988,28,Aries,Visa,4532933645234205,112,10/2019,"142 628 304","1Z 747 245 93 8034 166 3",0336212934,54870873,Blue,"Marine electronics technician","Great Western","2000 Chevrolet Astro",DoubleMassage.ca,O+,154.9,70.4,"5' 4""",162,f212e0b5-aa2d-4052-9c73-f60520c266fb,43.225395,-79.892757
male,Mr.,Wayne,G,Blackman,88,American,"3474 Sheppard Ave",Toronto,ON,Ontario,"M1S 1T4",CA,Canada,WayneGBlackman@armyspy.com,Begaings,noocho9Be,"Mozilla/5.0 (Macintosh; Intel Mac OS X 10_11_6) AppleWebKit/537.36 (KHTML, like Gecko) Chrome/56.0.2924.87 Safari/537.36",416-332-6589,1,Bare,12/26/1951,65,Capricorn,Visa,4532336215824068,015,6/2018,"299 173 096","1Z A23 936 65 7264 787 3",4446788830,86681077,Blue,"Floral designer",Thompson,"1995 Ford Ranger",FuelFee.ca,A+,216.3,98.3,"5' 11""",181,b9eae5b8-e8bd-4ae3-93d1-ff5fabeafc69,43.639487,-79.321802
male,Mr.,Joseph,C,Schubert,89,American,"1558 Township Rd",Lloydminster,AB,Alberta,"T9V 0L9",CA,Canada,JosephCSchubert@teleworm.us,Nellove88,ieBooj8ai,"Mozilla/5.0 (Macintosh; Intel Mac OS X 10_12_2) AppleWebKit/537.36 (KHTML, like Gecko) Chrome/55.0.2883.95 Safari/537.36",780-871-1809,1,Callahan,7/13/1988,28,Cancer,MasterCard,5198461235758781,369,7/2022,"100 508 084","1Z 010 680 12 7766 220 5",9467787342,43485058,Blue,"Human resources associate","Copeland Sports","1993 Citroen AX",RevenueShow.ca,B+,213.6,97.1,"5' 8""",172,7ba82926-9a91-47e2-aac5-a1a0ce583093,53.223496,-110.096222
male,Mr.,Armando,H,Moler,90,American,"2255 Queens Bay",Genelle,BC,"British Columbia","V0G 1G0",CA,Canada,ArmandoHMoler@rhyta.com,Affhand,PeiSh8Ung5qu,"Mozilla/5.0 (Windows NT 10.0; WOW64; rv:51.0) Gecko/20100101 Firefox/51.0",250-693-2154,1,Lindsey,1/8/1952,65,Capricorn,Visa,4539853751853882,930,2/2021,"139 678 080","1Z 013 395 58 8896 543 9",8381719803,16560060,Red,Coder,"Good Times","1996 Subaru Legacy",SnapLender.ca,A+,200.9,91.3,"5' 11""",180,31ca0e02-ff7d-45c8-a154-cc940e625bf5,49.115292,-117.662069
male,Mr.,Moises,C,Moe,91,American,"4048 Hastings Street",Vancouver,BC,"British Columbia","V6C 1B4",CA,Canada,MoisesCMoe@teleworm.us,Thipper,Utae1thooPhai,"Mozilla/5.0 (Macintosh; Intel Mac OS X 10_12_3) AppleWebKit/537.36 (KHTML, like Gecko) Chrome/55.0.2883.95 Safari/537.36",778-855-9530,1,Duffy,5/8/1997,19,Taurus,Visa,4916131100038429,061,1/2022,"340 925 650","1Z 308 817 36 8112 183 3",7330314796,44043450,Blue,"Industrial machinery mechanic","Hugh M. Woods","2005 Infiniti FX",BiteNails.ca,O+,183.3,83.3,"6' 2""",187,7a4dbdb7-4b19-40b2-b35b-810002735e95,49.212737,-123.086604
female,Ms.,Becky,R,Hernandez,92,American,"2371 Saint-Denis Street",Montreal,QC,Quebec,"H9R 3J4",CA,Canada,BeckyRHernandez@jourrapide.com,Negarace,phe7eiVae,"Mozilla/5.0 (Macintosh; Intel Mac OS X 10_11_6) AppleWebKit/601.7.7 (KHTML, like Gecko) Version/9.1.2 Safari/601.7.7",514-429-3277,1,Garcia,9/24/1981,35,Libra,Visa,4532181858606517,756,6/2022,"672 615 366","1Z 3A8 34E 88 3333 685 9",5086122085,88505018,Purple,"Financial services sales agent","Alert Alarm Company","2011 Kia Picanto",LeftGroup.ca,AB+,127.2,57.8,"5' 1""",155,35123977-ce74-4c9d-a061-3e55d12abb11,45.423132,-73.511667
female,Ms.,Katherine,C,Simpson,93,American,"4558 Alness Street",Toronto,ON,Ontario,"M3J 2J1",CA,Canada,KatherineCSimpson@superrito.com,Tescomirce,Thah2ahbee,"Mozilla/5.0 (Windows NT 10.0; Win64; x64) AppleWebKit/537.36 (KHTML, like Gecko) Chrome/56.0.2924.87 Safari/537.36",416-661-8782,1,Fischer,8/22/1973,43,Leo,MasterCard,5502450586074790,317,4/2022,"395 444 557","1Z 3A6 163 21 6995 821 9",1013300316,86212034,Blue,"Justice of the peace","Omni Superstore","2002 Dodge M80",FindSpice.ca,A+,133.8,60.8,"5' 6""",167,9e470901-8bce-49b5-9bd2-2588befd2af2,43.738254,-79.481898
male,Mr.,Charles,J,Reece,94,American,"4534 Tchesinkut Lake Rd",Granisle,BC,"British Columbia","V0J 1W0",CA,Canada,CharlesJReece@dayrep.com,Teaks1950,weenieS2aa,"Mozilla/5.0 (Windows NT 6.1) AppleWebKit/537.36 (KHTML, like Gecko) Chrome/56.0.2924.87 Safari/537.36",250-697-0864,1,Mason,2/15/1950,67,Aquarius,Visa,4532730439001422,127,3/2019,"360 728 943","1Z 056 021 22 6507 803 3",4873349396,39946025,Blue,"Information designer",Chargepal,"2012 Alfa Romeo 159",CompDrinks.ca,A+,164.8,74.9,"5' 8""",172,14d62554-9549-4616-b607-4563db8800d0,54.965206,-126.279111
female,Mrs.,Teresa,T,Galli,95,American,"1156 chemin Georges",Lavaltrie,QC,Quebec,"J0K 1H0",CA,Canada,TeresaTGalli@jourrapide.com,Obed1958,eeN4Aengie,"Mozilla/5.0 (Macintosh; Intel Mac OS X 10_12_3) AppleWebKit/537.36 (KHTML, like Gecko) Chrome/56.0.2924.87 Safari/537.36",450-547-0791,1,Puckett,2/27/1958,59,Pisces,MasterCard,5278126986541370,187,1/2018,"612 120 865","1Z 087 543 37 2132 601 7",1100608264,67949271,Blue,"Horticultural specialty farmer",Acuserv,"2012 Fiat Croma",CardConventions.ca,B+,217.8,99.0,"5' 5""",164,c1a99b39-9b3c-46f7-8260-e14ed6592a3d,45.948987,-73.245581
female,Ms.,Shelley,D,Ridgley,96,American,"1918 Nootka Street",Vancouver,BC,"British Columbia","V5M 3M5",CA,Canada,ShelleyDRidgley@fleckens.hu,Wherfust1973,Riunoob7,"Mozilla/5.0 (Windows NT 10.0; WOW64) AppleWebKit/537.36 (KHTML, like Gecko) Chrome/56.0.2924.87 Safari/537.36",778-235-7040,1,Koga,10/4/1973,43,Libra,MasterCard,5365099036507416,398,7/2019,"203 123 740","1Z 2V1 532 15 0897 753 1",0575480745,59175823,Blue,Laborer,"System Star Solutions","2002 GMC Envoy",ShotInsurance.ca,O+,192.3,87.4,"5' 4""",162,ef41004a-da2d-47b9-9815-1f994c6a4f55,49.231367,-123.041917
male,Mr.,Emerson,J,Lowery,97,American,"1042 Mt Edward Rd",Charlottetown,NS,"Nova Scotia","C1A 5T1",CA,Canada,EmersonJLowery@jourrapide.com,Aceeakell,fiuG3ael,"Mozilla/5.0 (Windows NT 10.0; Win64; x64) AppleWebKit/537.36 (KHTML, like Gecko) Chrome/51.0.2704.79 Safari/537.36 Edge/14.14393",902-367-0247,1,Robinson,7/6/1970,46,Cancer,Visa,4539382098441649,795,10/2022,"362 497 745","1Z 171 612 21 0897 083 8",6919638779,50528824,Blue,"Promotions specialist",Kleinhans,"2004 Nissan Sentra",DoggyResort.ca,O+,181.5,82.5,"5' 6""",168,375527b4-d0ba-4a30-94f8-22a20bd83c9b,46.234135,-63.202276
female,Mrs.,Janice,R,Walsh,98,American,"3741 Tycos Dr",Toronto,ON,Ontario,"M5T 1T4",CA,Canada,JaniceRWalsh@fleckens.hu,Bobeat1996,Ieshie8th,"Mozilla/5.0 (Windows NT 6.1; WOW64) AppleWebKit/537.36 (KHTML, like Gecko) Chrome/56.0.2924.87 Safari/537.36",416-882-6243,1,Leonard,7/19/1996,20,Cancer,Visa,4716730247201477,236,12/2018,"486 583 230","1Z F34 495 84 6646 949 3",8349153087,03836480,Red,"Recruiting manager","You Are Successful","2004 Citroen C2",SmokingDirect.ca,A+,111.3,50.6,"5' 3""",160,b4e7f860-8cd1-4647-b80f-ebd74f0d8b77,43.714401,-79.476008
female,Ms.,Samantha,R,Patrick,99,American,"4079 St Marys Rd",Winnipeg,MB,Manitoba,"R3B 3K6",CA,Canada,SamanthaRPatrick@gustr.com,Stlece93,Nieph5mie9,"Mozilla/5.0 (Windows NT 6.1) AppleWebKit/537.36 (KHTML, like Gecko) Chrome/56.0.2924.87 Safari/537.36",204-990-3240,1,Polson,8/24/1993,23,Virgo,MasterCard,5291324570326422,325,9/2018,"423 933 712","1Z 048 983 44 3638 269 1",7467356929,22405322,Blue,"Business support assistant","Present Company","2005 BMW 318",DrivePages.ca,O-,198.4,90.2,"5' 1""",154,77663659-c25d-44f0-b669-d857a4b2d8ea,49.857901,-97.227993
female,Mrs.,Loretta,W,Lowe,100,American,"1279 Embro St",Beachville,ON,Ontario,"N0J 1A0",CA,Canada,LorettaWLowe@armyspy.com,Afee1979,xeisoo9Chi1,"Mozilla/5.0 (Macintosh; Intel Mac OS X 10.11; rv:51.0) Gecko/20100101 Firefox/51.0",519-423-3915,1,Russell,9/1/1979,37,Virgo,MasterCard,5107091167832021,464,3/2020,"115 393 779","1Z 386 364 86 1414 976 8",3897554092,07503583,Purple,Molder,"Success Is Yours","2011 Toyota Land Cruiser",ItsBlog.ca,O+,151.6,68.9,"5' 7""",171,9b19a100-43da-49ea-881c-ef85c9c2bb8f,43.086053,-80.843368
